{"cameraMode":{"drawMode":0,"name":"Shaded","section":"Shading Mode"},"sceneLighting":false,"audioPlay":false,"sceneViewState":{"m_AlwaysRefresh":true,"showFog":true,"showSkybox":false,"showFlares":true,"showImageEffects":true,"showParticleSystems":true,"showVisualEffectGraphs":true,"m_FxEnabled":true},"in2DMode":false,"pivot":{"x":-0.12027502059936524,"y":30.668439865112306,"z":-0.08898782730102539},"rotation":{"x":-0.2278701663017273,"y":-0.4653147757053375,"z":0.12470298260450363,"w":-0.8464398980140686},"size":7.026506423950195,"orthographic":false}