{"cameraMode":{"drawMode":0,"name":"Shaded","section":"Shading Mode"},"sceneLighting":false,"audioPlay":false,"sceneViewState":{"m_AlwaysRefresh":false,"showFog":true,"showSkybox":false,"showFlares":true,"showImageEffects":true,"showParticleSystems":true,"showVisualEffectGraphs":true,"m_FxEnabled":true},"in2DMode":false,"pivot":{"x":-0.0002363603562116623,"y":0.0017506415024399758,"z":0.0004486371763050556},"rotation":{"x":-0.013808755204081536,"y":-0.009901407174766064,"z":0.0001366268115816638,"w":-0.9998593330383301},"size":0.01711348257958889,"orthographic":false}