{"cameraMode":{"drawMode":0,"name":"Shaded","section":"Shading Mode"},"sceneLighting":true,"audioPlay":false,"sceneViewState":{"m_AlwaysRefresh":true,"showFog":true,"showSkybox":true,"showFlares":true,"showImageEffects":true,"showParticleSystems":true,"showVisualEffectGraphs":true,"m_FxEnabled":true},"in2DMode":false,"pivot":{"x":63.796905517578128,"y":29.495155334472658,"z":0.2833711504936218},"rotation":{"x":-0.0877048671245575,"y":0.6464210748672485,"z":-0.07523921132087708,"w":-0.7542278170585632},"size":6.408350944519043,"orthographic":false}